{"cameraMode":{"drawMode":0,"name":"Shaded","section":"Shading Mode"},"sceneLighting":true,"audioPlay":false,"sceneViewState":{"m_AlwaysRefresh":false,"showFog":true,"showSkybox":true,"showFlares":true,"showImageEffects":true,"showParticleSystems":true,"showVisualEffectGraphs":true,"m_FxEnabled":true},"in2DMode":false,"pivot":{"x":0.953563928604126,"y":1.7196056842803956,"z":-7.560811519622803},"rotation":{"x":0.19297799468040467,"y":0.03531476482748985,"z":-0.006950220558792353,"w":0.9805431962013245},"size":0.8660253882408142,"orthographic":false}